42.469330594392616,Maria Eduarda Soneghete - Adint1B .=>. homosexual .<=>. Controle.=>. bi
39.8600756922774,Maria Eduarda Soneghete - Adint1B .=>. homosexual .<=>. Gabriel Oliveira - Mefin 3V.=>. hetero
42.469330594392616,Maria Eduarda Soneghete - Adint1B .=>. homosexual .<=>. Ana Carolina Marinho - Mefin 3V.=>. bi
36.72038711040253,Maria Eduarda Soneghete - Adint1B .=>. homosexual .<=>. Peter Eonst - Porin 3M.=>. hetero
33.25236853722506,Maria Eduarda Soneghete - Adint1B .=>. homosexual .<=>. Laian Braum - Adint 1B.=>. hetero
37.415836993718464,Maria Eduarda Soneghete - Adint1B .=>. homosexual .<=>. Caio Costa - Porin 3M.=>. hetero
38.89257633413512,Maria Eduarda Soneghete - Adint1B .=>. homosexual .<=>. Milena Rodrigues - Mefin 3V.=>. hetero
49.308792183341964,Maria Eduarda Soneghete - Adint1B .=>. homosexual .<=>. Hugo Rocha - Adint 1A.=>. hetero
40.40773099564262,Maria Eduarda Soneghete - Adint1B .=>. homosexual .<=>. Leticia Torezani - Adint 1A.=>. bi
43.80872222151086,Maria Eduarda Soneghete - Adint1B .=>. homosexual .<=>. Mateus Chagas - Admin 2MB.=>. hetero
43.00411896214584,Maria Eduarda Soneghete - Adint1B .=>. homosexual .<=>. Julya da Silva - Adint 1A.=>. bi
38.98011480627402,Maria Eduarda Soneghete - Adint1B .=>. homosexual .<=>. Beatriz Pani - Msmin 2.=>. hetero
35.25446545343568,Maria Eduarda Soneghete - Adint1B .=>. homosexual .<=>. Renan Torres - Msmin 2.=>. hetero
1.2074182697257333e-06,Maria Eduarda Soneghete - Adint1B .=>. homosexual .<=>. Maria Eduarda Soneghete - Adint1B.=>. homosexual
36.83400696316075,Maria Eduarda Soneghete - Adint1B .=>. homosexual .<=>. Alice Rodrigues - Mefin 3V.=>. bi
39.510807673165566,Maria Eduarda Soneghete - Adint1B .=>. homosexual .<=>. Bruna Magnago - Admin 2V.=>. hetero
35.86613900774324,Maria Eduarda Soneghete - Adint1B .=>. homosexual .<=>. Matheus Cunha - Admin 2V.=>. hetero
33.81228897823912,Maria Eduarda Soneghete - Adint1B .=>. homosexual .<=>. Davi Ohnesorge - Admin 2MA.=>. hetero
43.69258155958744,Maria Eduarda Soneghete - Adint1B .=>. homosexual .<=>. Caio Marques - Admin 2MA.=>. hetero
48.10955750643961,Maria Eduarda Soneghete - Adint1B .=>. homosexual .<=>. Gustavo Rodrigues - Admin 2MA.=>. hetero
42.33059437600417,Maria Eduarda Soneghete - Adint1B .=>. homosexual .<=>. Hemerson Sabrino - Admin 2MA.=>. hetero
44.33177376467449,Maria Eduarda Soneghete - Adint1B .=>. homosexual .<=>. Danilo Cisnandes - Mefin 3V.=>. hetero
38.76525208646582,Maria Eduarda Soneghete - Adint1B .=>. homosexual .<=>. Sara Herbst - Porin 4M.=>. hetero
40.08502764620722,Maria Eduarda Soneghete - Adint1B .=>. homosexual .<=>. Karen Gomes - Mefin 3V.=>. hetero
32.846541650344996,Maria Eduarda Soneghete - Adint1B .=>. homosexual .<=>. Ivan Moreira - Porin 4M.=>. hetero
32.78760761293425,Maria Eduarda Soneghete - Adint1B .=>. homosexual .<=>. Jockasta Obbode - Adint 1A.=>. hetero
32.42024404090192,Maria Eduarda Soneghete - Adint1B .=>. homosexual .<=>. Matheus Perini - Point 1.=>. hetero
32.413437094810355,Maria Eduarda Soneghete - Adint1B .=>. homosexual .<=>. Agnes Martins - Msmin 1.=>. hetero
28.354387410536148,Maria Eduarda Soneghete - Adint1B .=>. homosexual .<=>. Guilherme Boldrine - Adint 1B.=>. hetero
40.187030709272975,Maria Eduarda Soneghete - Adint1B .=>. homosexual .<=>. Pedro Rossi - Msmin 1.=>. hetero
33.294560216747236,Maria Eduarda Soneghete - Adint1B .=>. homosexual .<=>. Guilherme Monteiro - Mefin 3V.=>. hetero
49.21332255798058,Maria Eduarda Soneghete - Adint1B .=>. homosexual .<=>. Murilo Maia - Fis 3.=>. hetero
27.04665332893026,Maria Eduarda Soneghete - Adint1B .=>. homosexual .<=>. Thayna Bahia - Adint 1B.=>. hetero
39.5870227733708,Maria Eduarda Soneghete - Adint1B .=>. homosexual .<=>. Danielly Pitanga - Mefin 3V.=>. hetero
38.741261772047736,Maria Eduarda Soneghete - Adint1B .=>. homosexual .<=>. Samantha Mariano - Adint 1B.=>. hetero
40.902343431863095,Maria Eduarda Soneghete - Adint1B .=>. homosexual .<=>. Renan Alves - Msmin 2.=>. hetero
36.51906984837448,Maria Eduarda Soneghete - Adint1B .=>. homosexual .<=>. Joao Vitor Nunes - Adint 1B.=>. hetero
41.56732528070955,Maria Eduarda Soneghete - Adint1B .=>. homosexual .<=>. Maria Fernanda Soella - Admin 2MA.=>. bi
51.262149803856154,Maria Eduarda Soneghete - Adint1B .=>. homosexual .<=>. Lucas de Freitas - Admin 2V.=>. bi
43.15500229306495,Maria Eduarda Soneghete - Adint1B .=>. homosexual .<=>. Andre Friber - Admin 2V.=>. hetero
29.485102420208015,Maria Eduarda Soneghete - Adint1B .=>. homosexual .<=>. Diogo Queiroz - Mefin 3V.=>. hetero
36.91197591472232,Maria Eduarda Soneghete - Adint1B .=>. homosexual .<=>. Thales Gomes - Point 1.=>. bi
33.24991745016878,Maria Eduarda Soneghete - Adint1B .=>. homosexual .<=>. Gabriela Campos - Msmin 1.=>. hetero
35.864335847229206,Maria Eduarda Soneghete - Adint1B .=>. homosexual .<=>. Gabriel Falcone - Mefin 3M.=>. hetero
38.92539636696222,Maria Eduarda Soneghete - Adint1B .=>. homosexual .<=>. Natalia - Admin 2MA.=>. hetero
32.38686351730225,Maria Eduarda Soneghete - Adint1B .=>. homosexual .<=>. Eyshila Fraga - Mefin 3M.=>. hetero
35.68064584906707,Maria Eduarda Soneghete - Adint1B .=>. homosexual .<=>. Igor Silva - Porin 4M.=>. hetero
31.50287426011934,Maria Eduarda Soneghete - Adint1B .=>. homosexual .<=>. Natalia Schowenck - Admin 2MB.=>. hetero
35.24081320323708,Maria Eduarda Soneghete - Adint1B .=>. homosexual .<=>. Lavinia Hoberth - Mefin 3M.=>. hetero
41.48284923934166,Maria Eduarda Soneghete - Adint1B .=>. homosexual .<=>. Elisa Favalessa - Mefin 3M.=>. hetero
33.60910881664523,Maria Eduarda Soneghete - Adint1B .=>. homosexual .<=>. Jeniffer Costa - Mefin 3M.=>. hetero
45.546630514406694,Maria Eduarda Soneghete - Adint1B .=>. homosexual .<=>. Camila Lisboa - Mefin 3M.=>. hetero
29.728186560659193,Maria Eduarda Soneghete - Adint1B .=>. homosexual .<=>. Raquel Candeia - Mefin 3M.=>. hetero
36.31662213928396,Maria Eduarda Soneghete - Adint1B .=>. homosexual .<=>. Laian de Souza - Adint 1B.=>. hetero
31.570523945631493,Maria Eduarda Soneghete - Adint1B .=>. homosexual .<=>. Luisa Pinheiro - Mefin 3M.=>. hetero
40.34580544135282,Maria Eduarda Soneghete - Adint1B .=>. homosexual .<=>. Janaina Akbart - Msmin 1.=>. hetero
33.858928305997516,Maria Eduarda Soneghete - Adint1B .=>. homosexual .<=>. Debora Amorim - Admin 2MB.=>. hetero
45.691739707946795,Maria Eduarda Soneghete - Adint1B .=>. homosexual .<=>. Jennifer Silva - Admin 3V.=>. bi
34.04940264464617,Maria Eduarda Soneghete - Adint1B .=>. homosexual .<=>. Lcia Ramaldes - Porin 2M.=>. hetero
39.87744172435753,Maria Eduarda Soneghete - Adint1B .=>. homosexual .<=>. Ingrid Torezani - Mefin 4V.=>. bi
45.1934515036116,Maria Eduarda Soneghete - Adint1B .=>. homosexual .<=>. Victor Nunes - Fisica 1.=>. hetero
43.843250704863074,Maria Eduarda Soneghete - Adint1B .=>. homosexual .<=>. Scarlett Schimildt - Fisica 1.=>. bi
41.23621065656686,Maria Eduarda Soneghete - Adint1B .=>. homosexual .<=>. Nathan Coradine - Enpro 7.=>. hetero
37.64089488501446,Maria Eduarda Soneghete - Adint1B .=>. homosexual .<=>. Arianny Couto - Mefin 4V.=>. hetero
41.831271212931256,Maria Eduarda Soneghete - Adint1B .=>. homosexual .<=>. Thiago Silva - Mefin 4V.=>. hetero
36.564274936807976,Maria Eduarda Soneghete - Adint1B .=>. homosexual .<=>. Igor Lima - Fisica 1.=>. hetero
33.85269052111421,Maria Eduarda Soneghete - Adint1B .=>. homosexual .<=>. Ana Luiza Massarioli - Mefin 4V.=>. bi
41.91903482957404,Maria Eduarda Soneghete - Adint1B .=>. homosexual .<=>. Ana Julia Pevida - Msmin 1.=>. hetero
31.3348845943242,Maria Eduarda Soneghete - Adint1B .=>. homosexual .<=>. Jorge Amador - Enpro 1.=>. homosexual
34.98782815022799,Maria Eduarda Soneghete - Adint1B .=>. homosexual .<=>. Gabriella Leite - Fisica 1.=>. bi
44.73549722245635,Maria Eduarda Soneghete - Adint1B .=>. homosexual .<=>. Nara Emily - Admin 4V.=>. bi
34.966153830785714,Maria Eduarda Soneghete - Adint1B .=>. homosexual .<=>. Alexcia Coutinho - Admin 2MB.=>. bi
38.52156818747045,Maria Eduarda Soneghete - Adint1B .=>. homosexual .<=>. Mariana Milli - Enpro 1.=>. hetero
41.907180290364494,Maria Eduarda Soneghete - Adint1B .=>. homosexual .<=>. Mateus Merson - Admin 3V.=>. hetero
43.29070860747491,Maria Eduarda Soneghete - Adint1B .=>. homosexual .<=>. Luana Barroca - Porin 2V.=>. bi
39.46803436555842,Maria Eduarda Soneghete - Adint1B .=>. homosexual .<=>. Sandy de Andrade - Enpro 1.=>. hetero
39.84323350435852,Maria Eduarda Soneghete - Adint1B .=>. homosexual .<=>. Kellen Brites - Admin 4V.=>. hetero
45.18561443637043,Maria Eduarda Soneghete - Adint1B .=>. homosexual .<=>. Luisa Oliveira - Admin 3V.=>. hetero
34.761240025136274,Maria Eduarda Soneghete - Adint1B .=>. homosexual .<=>. Paulo Freire - Enpro 5.=>. hetero
31.828053311019975,Maria Eduarda Soneghete - Adint1B .=>. homosexual .<=>. Quezia Marvila - Porin 2M.=>. bi
44.49341925005341,Maria Eduarda Soneghete - Adint1B .=>. homosexual .<=>. Thiago Gomes - Eng Eletrica Vix.=>. hetero
40.860186737787295,Maria Eduarda Soneghete - Adint1B .=>. homosexual .<=>. Weiglas Ribeiro - Porin 4M.=>. hetero
44.694131576167436,Maria Eduarda Soneghete - Adint1B .=>. homosexual .<=>. Eloisa Martins - Adint 1B.=>. hetero
41.60352357625607,Maria Eduarda Soneghete - Adint1B .=>. homosexual .<=>. Livia Reisen - Adint 1B.=>. hetero
33.748275074252774,Maria Eduarda Soneghete - Adint1B .=>. homosexual .<=>. Luisa Gaudio - Adint 1A.=>. hetero
43.98961000934083,Maria Eduarda Soneghete - Adint1B .=>. homosexual .<=>. Barbara Fairich - Point 1.=>. bi
26.26700371684703,Maria Eduarda Soneghete - Adint1B .=>. homosexual .<=>. Livia Stein - Admin 3V.=>. hetero
28.289561847733843,Maria Eduarda Soneghete - Adint1B .=>. homosexual .<=>. Barbara Silva - Mefin 3V.=>. bi
49.24679662188459,Maria Eduarda Soneghete - Adint1B .=>. homosexual .<=>. Emanuel Luz - Mefin 3M.=>. hetero
40.00871332674545,Maria Eduarda Soneghete - Adint1B .=>. homosexual .<=>. Barbara Marcolan - Point 1.=>. hetero
26.83031084883272,Maria Eduarda Soneghete - Adint1B .=>. homosexual .<=>. Jackeline Menezes - Admin 4V.=>. hetero
41.521930242786794,Maria Eduarda Soneghete - Adint1B .=>. homosexual .<=>. Filipe Grippa - Enpro 2015.=>. hetero
34.59521856116593,Maria Eduarda Soneghete - Adint1B .=>. homosexual .<=>. Lorena Duarte - Mefin 3M.=>. homosexual
37.77366938126591,Maria Eduarda Soneghete - Adint1B .=>. homosexual .<=>. Gabriel do Carmo - Porin 3M.=>. hetero
42.39686586504482,Maria Eduarda Soneghete - Adint1B .=>. homosexual .<=>. Livia Rocha - Admin 3V.=>. hetero
41.66459349079171,Maria Eduarda Soneghete - Adint1B .=>. homosexual .<=>. Davi Barros - Porin 3M.=>. hetero
34.14903052533371,Maria Eduarda Soneghete - Adint1B .=>. homosexual .<=>. Karolinne Araujo - Admin 2V.=>. hetero
44.1381543225137,Maria Eduarda Soneghete - Adint1B .=>. homosexual .<=>. Lara Reis - Point 1.=>. hetero
37.763311318857404,Maria Eduarda Soneghete - Adint1B .=>. homosexual .<=>. Heitor Borges - Adint 1B.=>. hetero
37.584376844437294,Maria Eduarda Soneghete - Adint1B .=>. homosexual .<=>. Joao Pedro Miranda - Porin 4M.=>. bi
45.80815249881859,Maria Eduarda Soneghete - Adint1B .=>. homosexual .<=>. Vinicius Galter - Mefin 3M.=>. hetero
36.811286880326584,Maria Eduarda Soneghete - Adint1B .=>. homosexual .<=>. Nayara Vallory - Msmin 1.=>. hetero
38.19393126968531,Maria Eduarda Soneghete - Adint1B .=>. homosexual .<=>. Gabrielli Feletti - Admin 2MB.=>. bi
37.820981515514895,Maria Eduarda Soneghete - Adint1B .=>. homosexual .<=>. Juliana Lovatte - Mefin 3V.=>. hetero
48.59010143418595,Maria Eduarda Soneghete - Adint1B .=>. homosexual .<=>. Samira Meneghel - Log 1A.=>. hetero
33.94463225098843,Maria Eduarda Soneghete - Adint1B .=>. homosexual .<=>. Breno Coelho - Msmin 1.=>. hetero
38.55230691569321,Maria Eduarda Soneghete - Adint1B .=>. homosexual .<=>. Natalia Zerboni - Admin 4V.=>. hetero
47.47519425559772,Maria Eduarda Soneghete - Adint1B .=>. homosexual .<=>. Dacio Junior - Cantina.=>. hetero
31.24449673409581,Maria Eduarda Soneghete - Adint1B .=>. homosexual .<=>. Tatiane Dall'Oglio - Point 1.=>. hetero
43.474787049396326,Maria Eduarda Soneghete - Adint1B .=>. homosexual .<=>. Ana Clara Abreu - Mefin 3V.=>. hetero
36.487173954378015,Maria Eduarda Soneghete - Adint1B .=>. homosexual .<=>. Artur Queiroz - Mefin 3V.=>. hetero
28.920325220142207,Maria Eduarda Soneghete - Adint1B .=>. homosexual .<=>. Samuel Araujo - Porin 2M.=>. hetero
38.177636148390484,Maria Eduarda Soneghete - Adint1B .=>. homosexual .<=>. Felipe Modolo - Mefin 4V.=>. hetero
35.6134497889055,Maria Eduarda Soneghete - Adint1B .=>. homosexual .<=>. Carol Thompson - Admin 2V.=>. bi
29.468768615016803,Maria Eduarda Soneghete - Adint1B .=>. homosexual .<=>. Giulia Seccato - Msmin 1.=>. hetero
36.27380955506037,Maria Eduarda Soneghete - Adint1B .=>. homosexual .<=>. Jose Victor Falqueto - Msmin 1.=>. hetero
42.37205248418766,Maria Eduarda Soneghete - Adint1B .=>. homosexual .<=>. Paulo Vinicius - Fisica 2016.=>. hetero
44.64057238625124,Maria Eduarda Soneghete - Adint1B .=>. homosexual .<=>. Otavio Hernandes - Mefin 3M.=>. hetero
33.10125481283486,Maria Eduarda Soneghete - Adint1B .=>. homosexual .<=>. Keren Pereira - Admin 2MA.=>. hetero
33.37191591357554,Maria Eduarda Soneghete - Adint1B .=>. homosexual .<=>. Ana Carolyne Machado - Point 1.=>. hetero
33.34568360718729,Maria Eduarda Soneghete - Adint1B .=>. homosexual .<=>. Isabelle Karoline - Msmin 1.=>. hetero
43.351064834149675,Maria Eduarda Soneghete - Adint1B .=>. homosexual .<=>. Marianna Cattoni - Admin 2MB.=>. bi
39.7726748769666,Maria Eduarda Soneghete - Adint1B .=>. homosexual .<=>. Carlos Zucolotto - Msmin 1.=>. hetero
41.931943784846624,Maria Eduarda Soneghete - Adint1B .=>. homosexual .<=>. Sthefany Assunçao - Admin 2MB.=>. bi
38.3658962316144,Maria Eduarda Soneghete - Adint1B .=>. homosexual .<=>. Ingrid Souza - Admin 3V.=>. hetero
39.368849189319356,Maria Eduarda Soneghete - Adint1B .=>. homosexual .<=>. Julia Reis - Mefin 4V.=>. hetero
48.30141154696723,Maria Eduarda Soneghete - Adint1B .=>. homosexual .<=>. Waleska Trabach - CAE.=>. hetero
25.441317345513784,Maria Eduarda Soneghete - Adint1B .=>. homosexual .<=>. Vinicius Egidio - Porin 3M.=>. hetero
40.98088491300259,Maria Eduarda Soneghete - Adint1B .=>. homosexual .<=>. Larissa Rosa - Point 1A.=>. hetero
21.125904117561966,Maria Eduarda Soneghete - Adint1B .=>. homosexual .<=>. Nathalia Pinto - Admin 3V.=>. bi
42.57559212877571,Maria Eduarda Soneghete - Adint1B .=>. homosexual .<=>. Daniel Rasch - Mefin 3M.=>. bi
41.139945355527324,Maria Eduarda Soneghete - Adint1B .=>. homosexual .<=>. Isabella Vago - Mefin 4V.=>. bi
37.24970161972994,Maria Eduarda Soneghete - Adint1B .=>. homosexual .<=>. Alice Bernaba - Point 1.=>. hetero
37.859673361202454,Maria Eduarda Soneghete - Adint1B .=>. homosexual .<=>. Bruna Bernardino - Admin 2MB.=>. hetero
37.84525185701763,Maria Eduarda Soneghete - Adint1B .=>. homosexual .<=>. Hellen Galvao - Point 1.=>. hetero
31.014677953649315,Maria Eduarda Soneghete - Adint1B .=>. homosexual .<=>. Bruna Ribeiro - Mefin 3M.=>. hetero
39.71439211965609,Maria Eduarda Soneghete - Adint1B .=>. homosexual .<=>. Matheus Rassele - Mefin 3M.=>. hetero
40.35157575616083,Maria Eduarda Soneghete - Adint1B .=>. homosexual .<=>. Camila Fabres - Admin 2MA.=>. hetero
32.35841664103019,Maria Eduarda Soneghete - Adint1B .=>. homosexual .<=>. Guilherme Gonvallo - Mefin 3M.=>. hetero
26.528530894438713,Maria Eduarda Soneghete - Adint1B .=>. homosexual .<=>. Joao Pedro Freitas - Adint 1A.=>. hetero
33.97260299145536,Maria Eduarda Soneghete - Adint1B .=>. homosexual .<=>. Guilherme Guimaraes - Point 1.=>. bi
38.99340829489565,Maria Eduarda Soneghete - Adint1B .=>. homosexual .<=>. Clara Rios - Admin 2MA.=>. hetero
42.55459495696848,Maria Eduarda Soneghete - Adint1B .=>. homosexual .<=>. Luana de Assis - Admin 2MA.=>. hetero
32.726928545777824,Maria Eduarda Soneghete - Adint1B .=>. homosexual .<=>. Maria Fernanda Moronari - Point 1.=>. hetero
37.163705115298235,Maria Eduarda Soneghete - Adint1B .=>. homosexual .<=>. Lais Faria - Point 1.=>. hetero
37.90252963034103,Maria Eduarda Soneghete - Adint1B .=>. homosexual .<=>. Geovanna Soneghete - Porin 2V.=>. bi
33.16100941018892,Maria Eduarda Soneghete - Adint1B .=>. homosexual .<=>. Amanda Venturim - Admin 2V.=>. bi
40.5654313295997,Maria Eduarda Soneghete - Adint1B .=>. homosexual .<=>. Julia Ribeiro - Admin 4V.=>. hetero
43.605542721357885,Maria Eduarda Soneghete - Adint1B .=>. homosexual .<=>. Eduarda Avancini - Admin 2V.=>. bi
45.08782102552655,Maria Eduarda Soneghete - Adint1B .=>. homosexual .<=>. Bruno Lacerda - Mefin 4V.=>. bi
42.667888101522315,Maria Eduarda Soneghete - Adint1B .=>. homosexual .<=>. Lais Porto - Porin 3M.=>. hetero
41.550814314153044,Maria Eduarda Soneghete - Adint1B .=>. homosexual .<=>. Lara Pimenta - Porin 3M.=>. bi
21.236096569681436,Maria Eduarda Soneghete - Adint1B .=>. homosexual .<=>. Isabelly Ribeiro - Porin 3M.=>. hetero
28.093316882446164,Maria Eduarda Soneghete - Adint1B .=>. homosexual .<=>. Lara Santos - Porin 3M.=>. hetero
35.460517066885885,Maria Eduarda Soneghete - Adint1B .=>. homosexual .<=>. Ana Clara Leppaus - Porin 3M.=>. hetero
35.01369055181974,Maria Eduarda Soneghete - Adint1B .=>. homosexual .<=>. Mateus Zanelato - Mefin 4V.=>. hetero
40.82126522597903,Maria Eduarda Soneghete - Adint1B .=>. homosexual .<=>. Jhonatan Santos - Mefin 4V.=>. bi
44.32286102785528,Maria Eduarda Soneghete - Adint1B .=>. homosexual .<=>. Juan Liberato - Mefin 3V.=>. hetero
43.44942719382794,Maria Eduarda Soneghete - Adint1B .=>. homosexual .<=>. Daniel Sattler - Porin 2M.=>. hetero
28.964222017560854,Maria Eduarda Soneghete - Adint1B .=>. homosexual .<=>. Daniel Garcia - Mefin 3V.=>. bi
40.04857552281572,Maria Eduarda Soneghete - Adint1B .=>. homosexual .<=>. Elimar Filho - Admin 2V.=>. hetero
31.943870587484312,Maria Eduarda Soneghete - Adint1B .=>. homosexual .<=>. Briene Evangelista - Msmin 2.=>. hetero
36.60007931374265,Maria Eduarda Soneghete - Adint1B .=>. homosexual .<=>. Paola Seibel - Point 1.=>. hetero
28.354374020307844,Maria Eduarda Soneghete - Adint1B .=>. homosexual .<=>. Sarah Helena Stabenow - Point 1.=>. hetero
36.362904824117294,Maria Eduarda Soneghete - Adint1B .=>. homosexual .<=>. Natalia Silveira - Porin 2V.=>. hetero
27.693368685761016,Maria Eduarda Soneghete - Adint1B .=>. homosexual .<=>. Ana Clara Gomes - Adint 1A.=>. hetero
37.2319607825836,Maria Eduarda Soneghete - Adint1B .=>. homosexual .<=>. Luisa Lazarone - Adint 1B.=>. hetero
29.668565160238508,Maria Eduarda Soneghete - Adint1B .=>. homosexual .<=>. Jullyana Rodrigues - Porin 2V.=>. hetero
35.63214076162435,Maria Eduarda Soneghete - Adint1B .=>. homosexual .<=>. Rayane Vivian - Porin 2V.=>. hetero
39.76618016747993,Maria Eduarda Soneghete - Adint1B .=>. homosexual .<=>. Julia do Couto - Adint 1A.=>. hetero
31.545359358017894,Maria Eduarda Soneghete - Adint1B .=>. homosexual .<=>. Lara Dutra - Admin 2V.=>. hetero
37.88591850189146,Maria Eduarda Soneghete - Adint1B .=>. homosexual .<=>. Igor Dummer - Mefin 3M.=>. hetero
49.60727107113521,Maria Eduarda Soneghete - Adint1B .=>. homosexual .<=>. Rafael Santos - Cantina.=>. hetero
34.66038829189184,Maria Eduarda Soneghete - Adint1B .=>. homosexual .<=>. Mariana Franco - Mefin 3V.=>. hetero
50.122322931827085,Maria Eduarda Soneghete - Adint1B .=>. homosexual .<=>. Giullia Carvalho - Admin 2V.=>. bi
34.26250680105595,Maria Eduarda Soneghete - Adint1B .=>. homosexual .<=>. Joao Antonio Cortezini - Msmin 2.=>. hetero
41.318842167634784,Maria Eduarda Soneghete - Adint1B .=>. homosexual .<=>. Marcus Matheus - Mefin 3V.=>. hetero
40.09749137599008,Maria Eduarda Soneghete - Adint1B .=>. homosexual .<=>. Manuela Acco - Enpro 3.=>. hetero
39.1357211379489,Maria Eduarda Soneghete - Adint1B .=>. homosexual .<=>. Isadora Vieira - Admin 3V.=>. bi
40.86818475954391,Maria Eduarda Soneghete - Adint1B .=>. homosexual .<=>. Emerson Santos - Mefin 3M.=>. hetero
39.11510606657283,Maria Eduarda Soneghete - Adint1B .=>. homosexual .<=>. Mariana Cristina - Porin 2M.=>. hetero
