34.76023980857632,Maria Fernanda Soella - Admin 2MA .=>. bi .<=>. Controle.=>. bi
33.665030067421206,Maria Fernanda Soella - Admin 2MA .=>. bi .<=>. Gabriel Oliveira - Mefin 3V.=>. hetero
34.76023980857632,Maria Fernanda Soella - Admin 2MA .=>. bi .<=>. Ana Carolina Marinho - Mefin 3V.=>. bi
41.81061202674501,Maria Fernanda Soella - Admin 2MA .=>. bi .<=>. Peter Eonst - Porin 3M.=>. hetero
31.221338117091303,Maria Fernanda Soella - Admin 2MA .=>. bi .<=>. Laian Braum - Adint 1B.=>. hetero
36.26589651752634,Maria Fernanda Soella - Admin 2MA .=>. bi .<=>. Caio Costa - Porin 3M.=>. hetero
34.5176499162257,Maria Fernanda Soella - Admin 2MA .=>. bi .<=>. Milena Rodrigues - Mefin 3V.=>. hetero
41.07224687282097,Maria Fernanda Soella - Admin 2MA .=>. bi .<=>. Hugo Rocha - Adint 1A.=>. hetero
35.860246762415834,Maria Fernanda Soella - Admin 2MA .=>. bi .<=>. Leticia Torezani - Adint 1A.=>. bi
35.3519728187679,Maria Fernanda Soella - Admin 2MA .=>. bi .<=>. Mateus Chagas - Admin 2MB.=>. hetero
30.997337293135743,Maria Fernanda Soella - Admin 2MA .=>. bi .<=>. Julya da Silva - Adint 1A.=>. bi
33.02231061314479,Maria Fernanda Soella - Admin 2MA .=>. bi .<=>. Beatriz Pani - Msmin 2.=>. hetero
29.803933201033022,Maria Fernanda Soella - Admin 2MA .=>. bi .<=>. Renan Torres - Msmin 2.=>. hetero
41.56732528070955,Maria Fernanda Soella - Admin 2MA .=>. bi .<=>. Maria Eduarda Soneghete - Adint1B.=>. homosexual
33.19232249288178,Maria Fernanda Soella - Admin 2MA .=>. bi .<=>. Alice Rodrigues - Mefin 3V.=>. bi
25.397227296004978,Maria Fernanda Soella - Admin 2MA .=>. bi .<=>. Bruna Magnago - Admin 2V.=>. hetero
37.48461698045927,Maria Fernanda Soella - Admin 2MA .=>. bi .<=>. Matheus Cunha - Admin 2V.=>. hetero
38.32975089522708,Maria Fernanda Soella - Admin 2MA .=>. bi .<=>. Davi Ohnesorge - Admin 2MA.=>. hetero
28.76317290928915,Maria Fernanda Soella - Admin 2MA .=>. bi .<=>. Caio Marques - Admin 2MA.=>. hetero
38.88855052721047,Maria Fernanda Soella - Admin 2MA .=>. bi .<=>. Gustavo Rodrigues - Admin 2MA.=>. hetero
38.74132058581031,Maria Fernanda Soella - Admin 2MA .=>. bi .<=>. Hemerson Sabrino - Admin 2MA.=>. hetero
45.351087586337094,Maria Fernanda Soella - Admin 2MA .=>. bi .<=>. Danilo Cisnandes - Mefin 3V.=>. hetero
39.04165062977894,Maria Fernanda Soella - Admin 2MA .=>. bi .<=>. Sara Herbst - Porin 4M.=>. hetero
42.620983649486135,Maria Fernanda Soella - Admin 2MA .=>. bi .<=>. Karen Gomes - Mefin 3V.=>. hetero
32.63687739727076,Maria Fernanda Soella - Admin 2MA .=>. bi .<=>. Ivan Moreira - Porin 4M.=>. hetero
38.41967471133261,Maria Fernanda Soella - Admin 2MA .=>. bi .<=>. Jockasta Obbode - Adint 1A.=>. hetero
36.48131130872189,Maria Fernanda Soella - Admin 2MA .=>. bi .<=>. Matheus Perini - Point 1.=>. hetero
40.437058772451635,Maria Fernanda Soella - Admin 2MA .=>. bi .<=>. Agnes Martins - Msmin 1.=>. hetero
36.2697703964766,Maria Fernanda Soella - Admin 2MA .=>. bi .<=>. Guilherme Boldrine - Adint 1B.=>. hetero
39.651880800037816,Maria Fernanda Soella - Admin 2MA .=>. bi .<=>. Pedro Rossi - Msmin 1.=>. hetero
42.97053400113853,Maria Fernanda Soella - Admin 2MA .=>. bi .<=>. Guilherme Monteiro - Mefin 3V.=>. hetero
36.88724374731661,Maria Fernanda Soella - Admin 2MA .=>. bi .<=>. Murilo Maia - Fis 3.=>. hetero
37.27839856150106,Maria Fernanda Soella - Admin 2MA .=>. bi .<=>. Thayna Bahia - Adint 1B.=>. hetero
33.365337492025894,Maria Fernanda Soella - Admin 2MA .=>. bi .<=>. Danielly Pitanga - Mefin 3V.=>. hetero
34.676064404125256,Maria Fernanda Soella - Admin 2MA .=>. bi .<=>. Samantha Mariano - Adint 1B.=>. hetero
40.268520646497024,Maria Fernanda Soella - Admin 2MA .=>. bi .<=>. Renan Alves - Msmin 2.=>. hetero
42.7003280535588,Maria Fernanda Soella - Admin 2MA .=>. bi .<=>. Joao Vitor Nunes - Adint 1B.=>. hetero
8.537736462515939e-07,Maria Fernanda Soella - Admin 2MA .=>. bi .<=>. Maria Fernanda Soella - Admin 2MA.=>. bi
57.07835285042787,Maria Fernanda Soella - Admin 2MA .=>. bi .<=>. Lucas de Freitas - Admin 2V.=>. bi
28.626839000067765,Maria Fernanda Soella - Admin 2MA .=>. bi .<=>. Andre Friber - Admin 2V.=>. hetero
34.382473483337414,Maria Fernanda Soella - Admin 2MA .=>. bi .<=>. Diogo Queiroz - Mefin 3V.=>. hetero
30.000892508712514,Maria Fernanda Soella - Admin 2MA .=>. bi .<=>. Thales Gomes - Point 1.=>. bi
37.246396519548945,Maria Fernanda Soella - Admin 2MA .=>. bi .<=>. Gabriela Campos - Msmin 1.=>. hetero
34.27485319474648,Maria Fernanda Soella - Admin 2MA .=>. bi .<=>. Gabriel Falcone - Mefin 3M.=>. hetero
39.950186617318344,Maria Fernanda Soella - Admin 2MA .=>. bi .<=>. Natalia - Admin 2MA.=>. hetero
38.94753919464115,Maria Fernanda Soella - Admin 2MA .=>. bi .<=>. Eyshila Fraga - Mefin 3M.=>. hetero
37.96816017798659,Maria Fernanda Soella - Admin 2MA .=>. bi .<=>. Igor Silva - Porin 4M.=>. hetero
41.66063403290201,Maria Fernanda Soella - Admin 2MA .=>. bi .<=>. Natalia Schowenck - Admin 2MB.=>. hetero
39.417991275015325,Maria Fernanda Soella - Admin 2MA .=>. bi .<=>. Lavinia Hoberth - Mefin 3M.=>. hetero
36.85825198138286,Maria Fernanda Soella - Admin 2MA .=>. bi .<=>. Elisa Favalessa - Mefin 3M.=>. hetero
32.96588013232829,Maria Fernanda Soella - Admin 2MA .=>. bi .<=>. Jeniffer Costa - Mefin 3M.=>. hetero
37.485976898116554,Maria Fernanda Soella - Admin 2MA .=>. bi .<=>. Camila Lisboa - Mefin 3M.=>. hetero
37.03761699973256,Maria Fernanda Soella - Admin 2MA .=>. bi .<=>. Raquel Candeia - Mefin 3M.=>. hetero
25.07660453273249,Maria Fernanda Soella - Admin 2MA .=>. bi .<=>. Laian de Souza - Adint 1B.=>. hetero
33.152134241359846,Maria Fernanda Soella - Admin 2MA .=>. bi .<=>. Luisa Pinheiro - Mefin 3M.=>. hetero
34.265013222315865,Maria Fernanda Soella - Admin 2MA .=>. bi .<=>. Janaina Akbart - Msmin 1.=>. hetero
37.582280094176575,Maria Fernanda Soella - Admin 2MA .=>. bi .<=>. Debora Amorim - Admin 2MB.=>. hetero
35.30433808067778,Maria Fernanda Soella - Admin 2MA .=>. bi .<=>. Jennifer Silva - Admin 3V.=>. bi
35.177848983241105,Maria Fernanda Soella - Admin 2MA .=>. bi .<=>. Lcia Ramaldes - Porin 2M.=>. hetero
29.601154541819366,Maria Fernanda Soella - Admin 2MA .=>. bi .<=>. Ingrid Torezani - Mefin 4V.=>. bi
37.07924547901674,Maria Fernanda Soella - Admin 2MA .=>. bi .<=>. Victor Nunes - Fisica 1.=>. hetero
35.0053384997293,Maria Fernanda Soella - Admin 2MA .=>. bi .<=>. Scarlett Schimildt - Fisica 1.=>. bi
26.54404754080312,Maria Fernanda Soella - Admin 2MA .=>. bi .<=>. Nathan Coradine - Enpro 7.=>. hetero
41.0249670176876,Maria Fernanda Soella - Admin 2MA .=>. bi .<=>. Arianny Couto - Mefin 4V.=>. hetero
36.098152411127174,Maria Fernanda Soella - Admin 2MA .=>. bi .<=>. Thiago Silva - Mefin 4V.=>. hetero
33.77649475867781,Maria Fernanda Soella - Admin 2MA .=>. bi .<=>. Igor Lima - Fisica 1.=>. hetero
36.469272159238066,Maria Fernanda Soella - Admin 2MA .=>. bi .<=>. Ana Luiza Massarioli - Mefin 4V.=>. bi
34.15313395654492,Maria Fernanda Soella - Admin 2MA .=>. bi .<=>. Ana Julia Pevida - Msmin 1.=>. hetero
33.98138354554624,Maria Fernanda Soella - Admin 2MA .=>. bi .<=>. Jorge Amador - Enpro 1.=>. homosexual
31.2068753347492,Maria Fernanda Soella - Admin 2MA .=>. bi .<=>. Gabriella Leite - Fisica 1.=>. bi
30.438068807670515,Maria Fernanda Soella - Admin 2MA .=>. bi .<=>. Nara Emily - Admin 4V.=>. bi
41.968505669197754,Maria Fernanda Soella - Admin 2MA .=>. bi .<=>. Alexcia Coutinho - Admin 2MB.=>. bi
35.037539235369074,Maria Fernanda Soella - Admin 2MA .=>. bi .<=>. Mariana Milli - Enpro 1.=>. hetero
27.317483266112454,Maria Fernanda Soella - Admin 2MA .=>. bi .<=>. Mateus Merson - Admin 3V.=>. hetero
27.52296463646923,Maria Fernanda Soella - Admin 2MA .=>. bi .<=>. Luana Barroca - Porin 2V.=>. bi
42.936329344731654,Maria Fernanda Soella - Admin 2MA .=>. bi .<=>. Sandy de Andrade - Enpro 1.=>. hetero
28.987783654548668,Maria Fernanda Soella - Admin 2MA .=>. bi .<=>. Kellen Brites - Admin 4V.=>. hetero
38.92068447075397,Maria Fernanda Soella - Admin 2MA .=>. bi .<=>. Luisa Oliveira - Admin 3V.=>. hetero
31.1952331108864,Maria Fernanda Soella - Admin 2MA .=>. bi .<=>. Paulo Freire - Enpro 5.=>. hetero
31.880358527814366,Maria Fernanda Soella - Admin 2MA .=>. bi .<=>. Quezia Marvila - Porin 2M.=>. bi
37.62673726858849,Maria Fernanda Soella - Admin 2MA .=>. bi .<=>. Thiago Gomes - Eng Eletrica Vix.=>. hetero
32.26686535542169,Maria Fernanda Soella - Admin 2MA .=>. bi .<=>. Weiglas Ribeiro - Porin 4M.=>. hetero
30.225061023240734,Maria Fernanda Soella - Admin 2MA .=>. bi .<=>. Eloisa Martins - Adint 1B.=>. hetero
37.189689295436395,Maria Fernanda Soella - Admin 2MA .=>. bi .<=>. Livia Reisen - Adint 1B.=>. hetero
34.3081774423903,Maria Fernanda Soella - Admin 2MA .=>. bi .<=>. Luisa Gaudio - Adint 1A.=>. hetero
31.24065016732482,Maria Fernanda Soella - Admin 2MA .=>. bi .<=>. Barbara Fairich - Point 1.=>. bi
32.96486860552085,Maria Fernanda Soella - Admin 2MA .=>. bi .<=>. Livia Stein - Admin 3V.=>. hetero
38.62138645086389,Maria Fernanda Soella - Admin 2MA .=>. bi .<=>. Barbara Silva - Mefin 3V.=>. bi
32.033892775339496,Maria Fernanda Soella - Admin 2MA .=>. bi .<=>. Emanuel Luz - Mefin 3M.=>. hetero
35.976577252004404,Maria Fernanda Soella - Admin 2MA .=>. bi .<=>. Barbara Marcolan - Point 1.=>. hetero
35.87313888780538,Maria Fernanda Soella - Admin 2MA .=>. bi .<=>. Jackeline Menezes - Admin 4V.=>. hetero
35.24278594522981,Maria Fernanda Soella - Admin 2MA .=>. bi .<=>. Filipe Grippa - Enpro 2015.=>. hetero
35.046873893435524,Maria Fernanda Soella - Admin 2MA .=>. bi .<=>. Lorena Duarte - Mefin 3M.=>. homosexual
32.293072940803874,Maria Fernanda Soella - Admin 2MA .=>. bi .<=>. Gabriel do Carmo - Porin 3M.=>. hetero
31.392761558747647,Maria Fernanda Soella - Admin 2MA .=>. bi .<=>. Livia Rocha - Admin 3V.=>. hetero
28.990715692505603,Maria Fernanda Soella - Admin 2MA .=>. bi .<=>. Davi Barros - Porin 3M.=>. hetero
42.54707213165357,Maria Fernanda Soella - Admin 2MA .=>. bi .<=>. Karolinne Araujo - Admin 2V.=>. hetero
31.172866697536108,Maria Fernanda Soella - Admin 2MA .=>. bi .<=>. Lara Reis - Point 1.=>. hetero
22.66282090902534,Maria Fernanda Soella - Admin 2MA .=>. bi .<=>. Heitor Borges - Adint 1B.=>. hetero
28.583537069097563,Maria Fernanda Soella - Admin 2MA .=>. bi .<=>. Joao Pedro Miranda - Porin 4M.=>. bi
49.11216392678892,Maria Fernanda Soella - Admin 2MA .=>. bi .<=>. Vinicius Galter - Mefin 3M.=>. hetero
40.92973567083155,Maria Fernanda Soella - Admin 2MA .=>. bi .<=>. Nayara Vallory - Msmin 1.=>. hetero
31.871017544121287,Maria Fernanda Soella - Admin 2MA .=>. bi .<=>. Gabrielli Feletti - Admin 2MB.=>. bi
21.910063726926182,Maria Fernanda Soella - Admin 2MA .=>. bi .<=>. Juliana Lovatte - Mefin 3V.=>. hetero
30.06861697229681,Maria Fernanda Soella - Admin 2MA .=>. bi .<=>. Samira Meneghel - Log 1A.=>. hetero
37.30116198269951,Maria Fernanda Soella - Admin 2MA .=>. bi .<=>. Breno Coelho - Msmin 1.=>. hetero
28.727208329721016,Maria Fernanda Soella - Admin 2MA .=>. bi .<=>. Natalia Zerboni - Admin 4V.=>. hetero
54.06814527287702,Maria Fernanda Soella - Admin 2MA .=>. bi .<=>. Dacio Junior - Cantina.=>. hetero
42.46734455736217,Maria Fernanda Soella - Admin 2MA .=>. bi .<=>. Tatiane Dall'Oglio - Point 1.=>. hetero
38.93235679778439,Maria Fernanda Soella - Admin 2MA .=>. bi .<=>. Ana Clara Abreu - Mefin 3V.=>. hetero
43.610844135929284,Maria Fernanda Soella - Admin 2MA .=>. bi .<=>. Artur Queiroz - Mefin 3V.=>. hetero
28.51211326137195,Maria Fernanda Soella - Admin 2MA .=>. bi .<=>. Samuel Araujo - Porin 2M.=>. hetero
39.53142411105854,Maria Fernanda Soella - Admin 2MA .=>. bi .<=>. Felipe Modolo - Mefin 4V.=>. hetero
32.481682826831424,Maria Fernanda Soella - Admin 2MA .=>. bi .<=>. Carol Thompson - Admin 2V.=>. bi
35.575217781156205,Maria Fernanda Soella - Admin 2MA .=>. bi .<=>. Giulia Seccato - Msmin 1.=>. hetero
32.797420393659074,Maria Fernanda Soella - Admin 2MA .=>. bi .<=>. Jose Victor Falqueto - Msmin 1.=>. hetero
24.190314578801306,Maria Fernanda Soella - Admin 2MA .=>. bi .<=>. Paulo Vinicius - Fisica 2016.=>. hetero
42.569952666001484,Maria Fernanda Soella - Admin 2MA .=>. bi .<=>. Otavio Hernandes - Mefin 3M.=>. hetero
45.98112018232706,Maria Fernanda Soella - Admin 2MA .=>. bi .<=>. Keren Pereira - Admin 2MA.=>. hetero
35.29350154921651,Maria Fernanda Soella - Admin 2MA .=>. bi .<=>. Ana Carolyne Machado - Point 1.=>. hetero
36.66837982033409,Maria Fernanda Soella - Admin 2MA .=>. bi .<=>. Isabelle Karoline - Msmin 1.=>. hetero
31.12810728271238,Maria Fernanda Soella - Admin 2MA .=>. bi .<=>. Marianna Cattoni - Admin 2MB.=>. bi
36.56049592929757,Maria Fernanda Soella - Admin 2MA .=>. bi .<=>. Carlos Zucolotto - Msmin 1.=>. hetero
38.399334461064626,Maria Fernanda Soella - Admin 2MA .=>. bi .<=>. Sthefany Assunçao - Admin 2MB.=>. bi
42.45764329089482,Maria Fernanda Soella - Admin 2MA .=>. bi .<=>. Ingrid Souza - Admin 3V.=>. hetero
35.80075659900858,Maria Fernanda Soella - Admin 2MA .=>. bi .<=>. Julia Reis - Mefin 4V.=>. hetero
35.82516427915006,Maria Fernanda Soella - Admin 2MA .=>. bi .<=>. Waleska Trabach - CAE.=>. hetero
40.23213791944573,Maria Fernanda Soella - Admin 2MA .=>. bi .<=>. Vinicius Egidio - Porin 3M.=>. hetero
37.682768067914516,Maria Fernanda Soella - Admin 2MA .=>. bi .<=>. Larissa Rosa - Point 1A.=>. hetero
34.34359079958595,Maria Fernanda Soella - Admin 2MA .=>. bi .<=>. Nathalia Pinto - Admin 3V.=>. bi
32.24708694557769,Maria Fernanda Soella - Admin 2MA .=>. bi .<=>. Daniel Rasch - Mefin 3M.=>. bi
39.64209183670434,Maria Fernanda Soella - Admin 2MA .=>. bi .<=>. Isabella Vago - Mefin 4V.=>. bi
32.8132790644742,Maria Fernanda Soella - Admin 2MA .=>. bi .<=>. Alice Bernaba - Point 1.=>. hetero
45.26137184097806,Maria Fernanda Soella - Admin 2MA .=>. bi .<=>. Bruna Bernardino - Admin 2MB.=>. hetero
35.82378278685289,Maria Fernanda Soella - Admin 2MA .=>. bi .<=>. Hellen Galvao - Point 1.=>. hetero
38.08257345041284,Maria Fernanda Soella - Admin 2MA .=>. bi .<=>. Bruna Ribeiro - Mefin 3M.=>. hetero
41.186915181735365,Maria Fernanda Soella - Admin 2MA .=>. bi .<=>. Matheus Rassele - Mefin 3M.=>. hetero
32.94255030575877,Maria Fernanda Soella - Admin 2MA .=>. bi .<=>. Camila Fabres - Admin 2MA.=>. hetero
37.05203489976605,Maria Fernanda Soella - Admin 2MA .=>. bi .<=>. Guilherme Gonvallo - Mefin 3M.=>. hetero
30.34650375682185,Maria Fernanda Soella - Admin 2MA .=>. bi .<=>. Joao Pedro Freitas - Adint 1A.=>. hetero
41.621141494834475,Maria Fernanda Soella - Admin 2MA .=>. bi .<=>. Guilherme Guimaraes - Point 1.=>. bi
37.82626333919044,Maria Fernanda Soella - Admin 2MA .=>. bi .<=>. Clara Rios - Admin 2MA.=>. hetero
40.49542982521333,Maria Fernanda Soella - Admin 2MA .=>. bi .<=>. Luana de Assis - Admin 2MA.=>. hetero
35.742327599418864,Maria Fernanda Soella - Admin 2MA .=>. bi .<=>. Maria Fernanda Moronari - Point 1.=>. hetero
38.65557302695715,Maria Fernanda Soella - Admin 2MA .=>. bi .<=>. Lais Faria - Point 1.=>. hetero
21.09675692485159,Maria Fernanda Soella - Admin 2MA .=>. bi .<=>. Geovanna Soneghete - Porin 2V.=>. bi
33.185036217122835,Maria Fernanda Soella - Admin 2MA .=>. bi .<=>. Amanda Venturim - Admin 2V.=>. bi
32.93359270218032,Maria Fernanda Soella - Admin 2MA .=>. bi .<=>. Julia Ribeiro - Admin 4V.=>. hetero
22.83725446402373,Maria Fernanda Soella - Admin 2MA .=>. bi .<=>. Eduarda Avancini - Admin 2V.=>. bi
36.97749263251795,Maria Fernanda Soella - Admin 2MA .=>. bi .<=>. Bruno Lacerda - Mefin 4V.=>. bi
37.366797032446115,Maria Fernanda Soella - Admin 2MA .=>. bi .<=>. Lais Porto - Porin 3M.=>. hetero
27.722682179826396,Maria Fernanda Soella - Admin 2MA .=>. bi .<=>. Lara Pimenta - Porin 3M.=>. bi
44.949024953867806,Maria Fernanda Soella - Admin 2MA .=>. bi .<=>. Isabelly Ribeiro - Porin 3M.=>. hetero
39.81789802587324,Maria Fernanda Soella - Admin 2MA .=>. bi .<=>. Lara Santos - Porin 3M.=>. hetero
34.01967906885326,Maria Fernanda Soella - Admin 2MA .=>. bi .<=>. Ana Clara Leppaus - Porin 3M.=>. hetero
36.26865921653611,Maria Fernanda Soella - Admin 2MA .=>. bi .<=>. Mateus Zanelato - Mefin 4V.=>. hetero
32.40720347965867,Maria Fernanda Soella - Admin 2MA .=>. bi .<=>. Jhonatan Santos - Mefin 4V.=>. bi
42.5626190246956,Maria Fernanda Soella - Admin 2MA .=>. bi .<=>. Juan Liberato - Mefin 3V.=>. hetero
46.12605972137864,Maria Fernanda Soella - Admin 2MA .=>. bi .<=>. Daniel Sattler - Porin 2M.=>. hetero
43.573368110278544,Maria Fernanda Soella - Admin 2MA .=>. bi .<=>. Daniel Garcia - Mefin 3V.=>. bi
30.46563034499138,Maria Fernanda Soella - Admin 2MA .=>. bi .<=>. Elimar Filho - Admin 2V.=>. hetero
36.813297633979424,Maria Fernanda Soella - Admin 2MA .=>. bi .<=>. Briene Evangelista - Msmin 2.=>. hetero
31.426666460603425,Maria Fernanda Soella - Admin 2MA .=>. bi .<=>. Paola Seibel - Point 1.=>. hetero
39.287644177312856,Maria Fernanda Soella - Admin 2MA .=>. bi .<=>. Sarah Helena Stabenow - Point 1.=>. hetero
43.12344051240604,Maria Fernanda Soella - Admin 2MA .=>. bi .<=>. Natalia Silveira - Porin 2V.=>. hetero
38.42783558849682,Maria Fernanda Soella - Admin 2MA .=>. bi .<=>. Ana Clara Gomes - Adint 1A.=>. hetero
28.424160663743287,Maria Fernanda Soella - Admin 2MA .=>. bi .<=>. Luisa Lazarone - Adint 1B.=>. hetero
36.14061793095456,Maria Fernanda Soella - Admin 2MA .=>. bi .<=>. Jullyana Rodrigues - Porin 2V.=>. hetero
37.307144212898514,Maria Fernanda Soella - Admin 2MA .=>. bi .<=>. Rayane Vivian - Porin 2V.=>. hetero
35.681362182172684,Maria Fernanda Soella - Admin 2MA .=>. bi .<=>. Julia do Couto - Adint 1A.=>. hetero
40.165790124818386,Maria Fernanda Soella - Admin 2MA .=>. bi .<=>. Lara Dutra - Admin 2V.=>. hetero
43.021612980395666,Maria Fernanda Soella - Admin 2MA .=>. bi .<=>. Igor Dummer - Mefin 3M.=>. hetero
45.76580948006804,Maria Fernanda Soella - Admin 2MA .=>. bi .<=>. Rafael Santos - Cantina.=>. hetero
34.267850116676186,Maria Fernanda Soella - Admin 2MA .=>. bi .<=>. Mariana Franco - Mefin 3V.=>. hetero
46.477157865623916,Maria Fernanda Soella - Admin 2MA .=>. bi .<=>. Giullia Carvalho - Admin 2V.=>. bi
36.75786215794974,Maria Fernanda Soella - Admin 2MA .=>. bi .<=>. Joao Antonio Cortezini - Msmin 2.=>. hetero
30.786254592343212,Maria Fernanda Soella - Admin 2MA .=>. bi .<=>. Marcus Matheus - Mefin 3V.=>. hetero
33.832917149982585,Maria Fernanda Soella - Admin 2MA .=>. bi .<=>. Manuela Acco - Enpro 3.=>. hetero
30.643662743845418,Maria Fernanda Soella - Admin 2MA .=>. bi .<=>. Isadora Vieira - Admin 3V.=>. bi
30.062462164253088,Maria Fernanda Soella - Admin 2MA .=>. bi .<=>. Emerson Santos - Mefin 3M.=>. hetero
39.91697740594102,Maria Fernanda Soella - Admin 2MA .=>. bi .<=>. Mariana Cristina - Porin 2M.=>. hetero
